seqName	clade
A.1	19B
A	19B
A.2	19B
A.21	19B
A.25	19B
A.29	19B
AD.2	20B
A.5	19B
A.23.1	19B
A.2.5	19B
A.28	19B
A.18	19B
A.27	19B
A.19	19B
A.3	19B
A.23	19B
A.2.5.1	19B
A.2.5.2	19B
AY.3.2	21J
AY.3	21J
AY.2	21I
AT.1	20B
AY.3.1	21J
AY.1	21J
AY.4.1	21J
AY.4.2.1	21J
AY.3.3	21J
AY.4.2.3	21J
AY.4.2	21J
AY.4	21J
AY.4.3	21J
AY.4.2.2	21J
A.2.5.3	19B
AY.4.7	21J
AY.4.5	21J
AY.4.4	21J
AE.1	20B
AY.4.6	21J
AY.4.8	21J
AY.5	21J
AY.4.9	21J
AY.5.1	21J
AY.5.2	21J
AY.4.10	21J
AY.5.3	21J
AY.5.4	21J
AY.6	21J
AY.5.5	21J
AY.14	21A
AY.9.2	21I
AY.7.1	21J
AY.7	21J
AY.8	21A
AY.7.2	21J
AY.10	21I
AY.9.2.2	21I
AY.13	21A
AY.23.1	21J
AY.20	21J
AY.16	21A
AY.15	21A
AY.16.1	21A
AY.17	21A
AY.19	21A
AY.22	21J
AY.20.1	21J
AY.23	21J
AY.24	21I
AY.26	21I
AY.25	21J
AY.25.1	21J
AY.25.1.1	21J
AY.27	21I
AY.11	21I
AY.26.1	21I
AY.9	21I
AY.29	21J
AY.28	21I
AY.32	21J
AY.33	21J
AY.29.1	21J
AY.30	21A
AY.34.1	21J
AY.34	21J
AY.34.1.1	21J
AY.33.1	21J
AY.34.2	21J
AY.35	21A
AY.40	21A
AY.38	21I
AY.37	21I
AY.39	21J
AY.36	21J
AY.39.1	21J
AY.39.1.2	21J
AY.42	21J
AY.43.2	21J
AY.43	21J
AY.42.1	21J
AY.43.1	21J
AY.43.4	21J
AY.41	21J
AY.43.3	21J
AY.43.5	21J
AY.43.6	21J
AY.44	21J
AY.39.2	21J
AY.43.7	21J
AY.45	21J
AY.46.1	21J
AY.46	21J
AY.46.2	21J
AY.46.3	21J
AY.39.1.1	21J
AY.55	21I
AY.48	21A
AY.46.6	21J
AY.46.5	21J
AY.47	21I
AY.50	21A
AY.49	21A
AY.53	21A
AY.54	21A
AY.52	21A
AY.51	21A
AY.56	21I
AY.57	21I
AY.46.4	21J
AY.64	21I
AY.61	21I
AY.58	21I
AY.59	21I
AY.60	21I
AY.65	21I
AY.63	21I
AY.67	21I
AY.62	21I
AY.71	21I
AY.68	21I
AY.70	21I
AY.69	21I
AY.74	21I
AY.73	21I
AY.72	21I
AY.66	21I
AY.75	21I
AY.76	21J
AY.81	21J
AY.77	21J
AY.79	21J
AY.78	21J
AY.80	21J
AY.86	21J
AY.87	21J
AY.84	21J
AY.83	21J
AY.88	21J
AY.91	21J
AY.90	21J
AY.85	21J
AY.93	21J
AY.92	21J
AY.91.1	21J
AY.75.2	21I
AY.82	21J
AY.98	21J
AY.94	21J
AY.99	21J
AY.95	21J
AY.99.1	21J
AY.98.1	21J
AY.109	21J
AY.105	21J
AY.104	21J
AY.106	21J
AY.100	21J
AY.102	21J
AY.101	21J
AY.103	21J
AY.108	21J
AY.107	21J
AY.113	21J
AY.110	21J
AY.112	21J
AY.99.2	21J
AY.111	21J
AY.114	21J
AY.119	21J
AY.118	21J
AY.116	21J
AY.116.1	21J
AY.117	21J
AY.120	21J
AY.120.1	21J
AY.119.1	21J
AY.120.2.1	21J
AY.120.2	21J
AY.122	21J
AY.121	21J
AY.121.1	21J
AY.119.2	21J
AY.122.2	21J
AY.122.1	21J
AY.122.3	21J
AY.123	21J
AY.124	21J
AY.124.1	21J
AY.128	21J
AY.125	21J
AY.127	21J
AY.126	21J
AZ.1	20B
AZ.5	20B
AZ.4	20B
AY.127.1	21J
AY.131	21J
AY.133	21I
AZ.2	20B
AY.132	21J
AY.129	21J
B.1	20A
AZ.3	20B
B	19A
B.1.1.8	20B
B.1.1	20B
B.1.1.44	20B
B.1.1.1	20D
B.1.1.7	20I
B.1.1.10	20B
B.1.1.37	20B
B.1.1.33	20B
B.1.1.28	20B
B.1.1.47	20B
B.1.1.27	20B
B.1.1.46	20B
B.1.1.39	20B
B.1.1.25	20B
B.1.1.50	20B
B.1.1.57	20B
B.1.1.51	20B
B.1.1.83	20B
B.1.1.63	20B
B.1.1.67	20B
B.1.1.70	20B
B.1.1.135	20B
B.1.1.117	20B
B.1.1.171	20B
B.1.1.115	20B
B.1.1.111	20B
B.1.1.121	20B
B.1.1.141	20B
B.1.1.101	20B
B.1.1.133	20B
B.1.1.153	20B
B.1.1.161	20B
B.1.1.54	20B
B.1.1.99	20B
B.1.1.159	20B
B.1.1.163	20B
B.1.1.61	20B
B.1.1.170	20B
B.1.1.174	20B
B.1.1.192	20B
B.1.1.176	20B
B.1.1.203	20B
B.1.1.189	20B
B.1.1.220	20B
B.1.1.198	20B
B.1.1.216	20B
B.1.1.186	20B
B.1.1.205	20B
B.1.1.207	20B
B.1.1.228	20B
B.1.1.214	20B
B.1.1.241	20B
B.1.1.232	20B
B.1.1.181	20B
B.1.1.269	20B
B.1.1.243	20B
B.1.1.274	20B
B.1.1.265	20B
B.1.1.263	20B
B.1.1.253	20B
B.1.1.277	20B
B.1.1.291	20B
B.1.1.301	20B
B.1.1.294	20B
B.1.1.298	20B
B.1.1.297	20B
B.1.1.284	20B
B.1.1.279	20B
B.1.1.312	20B
B.1.1.305	20B
B.1.1.231	20B
B.1.1.306	20B
B.1.1.307	20B
B.1.1.315	20B
B.1.1.311	20B
B.1.1.316	20B
B.1.1.369	20B
B.1.1.317	20B
B.1.1.318	20B
B.1.1.329	20B
B.1.1.348	20B
B.1.1.359	20B
B.1.1.360	20B
B.1.1.354	20B
B.1.1.368	20B
B.1.1.326	20A
B.1.1.332	20B
B.1.1.351	20B
B.1.1.302	20B
B.1.1.371	20B
B.1.1.397	20B
B.1.1.378	20B
B.1.1.376	20B
B.1.1.375	20D
B.1.1.391	20B
B.1.1.398	20B
B.1.1.382	20B
B.1.1.464	20B
B.1.1.432	20B
B.1.1.406	20B
B.1.1.434	20B
B.1.1.404	20B
B.1.1.416	20B
B.1.1.413	20B
B.1.1.420	20B
B.1.1.418	20B
B.1.1.433	20B
B.1.1.442	20B
B.1.1.485	20B
B.1.1.374	20B
B.1.1.462	20B
B.1.1.486	20B
B.1.1.487	20B
B.1.1.521	20B
B.1.1.500	20B
B.1.1.507	20B
B.1.8	20A
B.1.9	20A
B.1.22	20A
B.1.36	20A
B.1.36.1	20A
B.1.3	20C
B.1.1.525	20B
B.1.1.519	20B
B.1.2	20G
B.1.1.528	20B
B.1.1.523	20B
B.1.1.459	20B
B.1.36.7	20A
B.1.36.22	20A
B.1.36.16	20A
B.1.36.18	20A
B.1.36.24	20A
B.1.36.19	20A
B.1.78	20A
B.1.110	20A
B.1.36.35	20A
B.1.126	20A
B.1.36.29	20A
B.1.149	20A
B.1.128	20A
B.1.36.38	20A
B.1.110.3	20A
B.1.36.39	20A
B.1.91	20A
B.1.111	20A
B.1.36.31	20A
B.1.147	20A
B.1.36.9	20A
B.1.177	20E
B.1.177.15	20E
B.1.160	20A
B.1.160.16	20A
B.1.177.16	20E
B.1.177.7	20E
B.1.177.10	20E
B.1.177.5	20E
B.1.177.8	20E
B.1.177.4	20E
B.1.177.18	20E
B.1.177.32	20E
B.1.177.12	20E
B.1.177.46	20E
B.1.177.44	20E
B.1.177.21	20E
B.1.177.52	20E
B.1.177.35	20E
B.1.177.57	20E
B.1.146	20A
B.1.177.54	20E
B.1.177.60	20E
B.1.177.62	20E
B.1.177.75	20E
B.1.177.77	20E
B.1.177.81	20E
B.1.177.83	20E
B.1.177.73	20E
B.1.177.87	20E
B.1.177.86	20E
B.1.179	20A
B.1.177.53	20E
B.1.177.82	20E
B.1.189	20A
B.1.210	20A
B.1.214	20A
B.1.206	20A
B.1.212	20A
B.1.195	20A
B.1.214.1	20A
B.1.214.2	20A
B.1.222	20A
B.1.232	20A
B.1.239	20A
B.1.237	20A
B.1.221	20A
B.1.236	20A
B.1.234	20A
B.1.243	20A
B.1.241	20A
B.1.240	20A
B.1.214.3	20A
B.1.258.3	20A
B.1.258	20A
B.1.219	20A
B.1.258.14	20A
B.1.258.11	20A
B.1.265	20C
B.1.258.17	20A
B.1.260	20A
B.1.298	20C
B.1.319	20C
B.1.336	20C
B.1.324	20C
B.1.320	20C
B.1.340	20C
B.1.311	20C
B.1.346	20C
B.1.350	20C
B.1.349	20C
B.1.351	20H
B.1.351.2	20H
B.1.362	20C
B.1.361	20C
B.1.351.3	20H
B.1.356	20C
B.1.351.5	20H
B.1.371	20C
B.1.381	20A
B.1.367	20C
B.1.377	20A
B.1.379	20A
B.1.395	20A
B.1.393	20A
B.1.391	20A
B.1.396	20A
B.1.389	20A
B.1.375	20C
B.1.397	20A
B.1.398	20A
B.1.402	20A
B.1.399	20A
B.1.400	20A
B.1.409	20A
B.1.404	20A
B.1.411	20A
B.1.416	20A
B.1.415.1	20A
B.1.416.1	20A
B.1.428	20C
B.1.436	20A
B.1.426	20C
B.1.420	20A
B.1.433	20C
B.1.438	20A
B.1.427	21C
B.1.429	21C
B.1.453	20C
B.1.441	20A
B.1.466	20A
B.1.459	20A
B.1.438.1	20A
B.1.462	20A
B.1.465	20A
B.1.468	20A
B.1.466.1	20A
B.1.470	20A
B.1.466.2	20A
B.1.480	20A
B.1.503	20C
B.1.499	20C
B.1.471	20A
B.1.505	20C
B.1.509	20C
B.1.497	20C
B.1.474	20A
B.1.469	20A
B.1.527	20A
B.1.517	20C
B.1.524	20A
B.1.525	21D
B.1.526	21F
B.1.530	20A
B.1.533	20B
B.1.540	20A
B.1.544	20A
B.1.566	20C
B.1.558	20A
B.1.549	20A
B.1.561	20A
B.1.565	20A
B.1.567	20C
B.1.551	20A
B.1.570	20C
B.1.560	20A
B.1.568	20C
B.1.588	20C
B.1.587	20C
B.1.575.1	20C
B.1.577	20C
B.1.600	20A
B.1.606	20C
B.1.596.1	20C
B.1.575	20C
B.1.605	20C
B.1.617.2	21A
B.1.609	20A
B.1.617.1	21B
B.1.617.3	20A
B.1.617	20A
B.1.618	20A
B.1.619	20A
B.1.620	20A
B.1.621	21H
B.1.623	20C
B.1.625	20A
B.1.621.2	21H
B.1.636	20A
B.1.627	20A
B.1.629	20A
B.1.626	20C
B.3	19A
B.1.619.1	20A
B.1.639	20A
B.4	19A
B.1.637	20C
B.1.630	20C
B.6	19A
B.1.631	20A
B.1.634	20A
B.1.640.1	20A
B.6.6	19A
B.40	19A
B.1.621.1	21H
B.55	19A
B.39	19A
BA.1.1.1	21K
BA.1	21K
BA.1.1	21K
BA.1.1.3	21K
BA.1.1.4	21K
BA.1.1.5	21K
BA.1.1.6	21K
B.23	19A
BA.1.1.7	21K
BA.1.1.8	21K
BA.1.1.13	21K
BA.1.1.10	21K
BA.1.1.9	21K
BA.1.1.11	21K
BA.1.1.14	21K
BA.1.1.12	21K
BA.1.1.15	21K
BA.1.1.17	21K
BA.1.1.18	21K
BA.1.1.16	21K
BA.1.13.1	21K
BA.1.3	21K
BA.1.4	21K
BA.1.6	21K
BA.1.7	21K
BA.1.9	21K
BA.1.13	21K
BA.1.10	21K
BA.1.14	21K
BA.1.12	21K
BA.1.14.1	21K
BA.1.14.2	21K
BA.1.15	21K
BA.1.15.2	21K
BA.1.15.1	21K
BA.1.8	21K
BA.1.15.3	21K
BA.1.16.2	21K
BA.1.17	21K
BA.1.16	21K
BA.1.16.1	21K
BA.1.19	21K
BA.1.17.1	21K
BA.1.18	21K
BA.1.21	21K
BA.1.21.1	21K
BA.1.20	21K
BA.1.22	21K
BA.1.17.2	21K
BA.1.5	21K
BA.1.24	21K
BA.2	21L
BA.2.3.2	21L
BA.1.23	21K
BA.2.1	21L
BA.2.3	21L
BA.2.2	21L
BA.2.3.9	21L
BA.2.3.7	21L
BA.2.3.6	21L
BA.2.3.5	21L
BA.2.3.8	21L
BA.2.3.4	21L
BA.2.3.11	21L
BA.2.3.12	21L
BA.2.2.1	21L
BA.2.3.20	21L
BA.2.3.10	21L
BA.2.3.13	21L
BA.2.3.17	21L
BA.2.3.14	21L
BA.2.3.16	21L
BA.2.4	21L
BA.2.3.22	21L
BA.2.9.6	21L
BA.2.8	21L
BA.2.5	21L
BA.2.6	21L
BA.2.9.2	21L
BA.2.9.1	21L
BA.2.7	21L
BA.2.9	21L
BA.2.9.3	21L
BA.2.9.5	21L
BA.2.9.7	21L
BA.2.9.4	21L
BA.2.3.15	21L
BA.2.10.3	21L
BA.2.10.1	21L
BA.2.10	21L
BA.2.10.4	21L
BA.2.12.1	22C
BA.2.3.21	21L
BA.2.11	21L
BA.2.12	21L
BA.2.14	21L
BA.2.13.1	21L
BA.2.12.2	21L
BA.2.15	21L
BA.2.17	21L
BA.2.13	21L
BA.2.26	21L
BA.2.18	21L
BA.2.19	21L
BA.2.20	21L
BA.2.21	21L
BA.2.23.1	21L
BA.2.16	21L
BA.2.23	21L
BA.2.25	21L
BA.2.22	21L
BA.2.28	21L
BA.2.30	21L
BA.2.25.1	21L
BA.2.32	21L
BA.2.31.1	21L
BA.2.31	21L
BA.2.36	21L
BA.2.33	21L
BA.2.27	21L
BA.2.34	21L
BA.2.35	21L
BA.2.37	21L
BA.2.38	21L
BA.2.38.3	21L
BA.2.38.1	21L
BA.2.39	21L
BA.2.38.4	21L
BA.2.47	21L
BA.2.40	21L
BA.2.40.1	21L
BA.2.41	21L
BA.2.42	21L
BA.2.43	21L
BA.2.38.2	21L
BA.2.44	21L
BA.2.46	21L
BA.2.45	21L
BA.2.48	21L
BA.2.51	21L
BA.2.50	21L
BA.2.52	21L
BA.2.54	21L
BA.2.55	21L
BA.2.53	21L
BA.2.58	21L
BA.2.49	21L
BA.2.56	21L
BA.2.62	21L
BA.2.57	21L
BA.2.61	21L
BA.2.65	21L
BA.2.67	21L
BA.2.64	21L
BA.2.63	21L
BA.2.59	21L
BA.2.66	21L
BA.2.75	22D
BA.2.75.3	22D
BA.2.71	21L
BA.2.72	21L
BA.2.74	21L
BA.2.73	21L
BA.2.69	21L
BA.2.68	21L
BA.2.75.2	22D
BA.2.60	21L
BA.2.70	21L
BA.2.75.5	22D
BA.2.75.4	22D
BA.2.75.6	22D
BA.2.78	21L
BA.2.76	21L
BA.2.75.1	22D
BA.2.75.7	22D
BA.2.79	21L
BA.2.77	21L
BA.2.75.10	22D
BA.2.81	21L
BA.2.80	21L
BA.2.79.1	21L
BA.2.82	21L
BA.2.83	21L
BA.2.86	23I
BA.2.86.1	23I
BA.2.86.2	23I
BA.2.86.3	23I
BA.3	21M
BA.3.1	21M
BA.2.87	21L
BA.2.86.6	23I
BA.2.86.4	23I
BA.2.86.5	23I
BA.4	22A
BA.2.86.7	23I
BA.4.1	22A
BA.4.1.4	22A
BA.4.1.3	22A
BA.4.1.5	22A
BA.4.1.6	22A
BA.4.1.7	22A
BA.4.1.1	22A
BA.4.1.2	22A
BA.4.1.10	22A
BA.4.1.9	22A
BA.4.1.8	22A
BA.4.2	22A
BA.4.3	22A
BA.4.4	22A
BA.4.1.11	22A
BA.4.5	22A
BA.4.6.1	22A
BA.4.6	22A
BA.4.6.2	22A
BA.5	22B
BA.5.1	22B
BA.4.6.4	22A
BA.4.6.5	22A
BA.4.6.3	22A
BA.4.7	22A
BA.5.1.1	22B
BA.5.1.2	22B
BA.5.1.3	22B
BA.5.1.5	22B
BA.5.1.18	22B
BA.5.1.4	22B
BA.5.1.6	22B
BA.5.1.8	22B
BA.5.1.12	22B
BA.5.1.7	22B
BA.5.1.9	22B
BA.5.1.15	22B
BA.5.1.17	22B
BA.5.1.11	22B
BA.5.1.22	22B
BA.5.1.23	22B
BA.5.1.20	22B
BA.5.1.10	22B
BA.5.1.21	22B
BA.5.1.24	22B
BA.5.1.28	22B
BA.5.1.19	22B
BA.5.1.25	22B
BA.5.1.27	22B
BA.5.1.31	22B
BA.5.1.29	22B
BA.5.1.32	22B
BA.5.1.33	22B
BA.5.1.35	22B
BA.5.1.36	22B
BA.5.1.34	22B
BA.5.1.37	22B
BA.5.2.2	22B
BA.5.2.1	22B
BA.5.2	22B
BA.5.2.3	22B
BA.5.2.5	22B
BA.5.2.4	22B
BA.5.1.38	22B
BA.5.2.7	22B
BA.5.2.6	22B
BA.5.1.26	22B
BA.5.2.8	22B
BA.5.2.24	22B
BA.5.2.9	22B
BA.5.2.12	22B
BA.5.2.10	22B
BA.5.2.11	22B
BA.5.2.13	22B
BA.5.1.30	22B
BA.5.2.14	22B
BA.5.2.16	22B
BA.5.2.26	22B
BA.5.2.20	22B
BA.5.2.23	22B
BA.5.2.25	22B
BA.5.2.19	22B
BA.5.2.21	22B
BA.5.2.22	22B
BA.5.2.31	22B
BA.5.2.28	22B
BA.5.2.27	22B
BA.5.2.30	22B
BA.5.2.36	22B
BA.5.2.32	22B
BA.5.2.33	22B
BA.5.2.34	22B
BA.5.2.35	22B
BA.5.2.38	22B
BA.5.2.46	22B
BA.5.2.44	22B
BA.5.2.41	22B
BA.5.2.47	22B
BA.5.2.43	22B
BA.5.2.39	22B
BA.5.2.40	22B
BA.5.2.45	22B
BA.5.2.48	22B
BA.5.2.29	22B
BA.5.2.52	22B
BA.5.2.51	22B
BA.5.2.53	22B
BA.5.2.58	22B
BA.5.2.54	22B
BA.5.2.55	22B
BA.5.2.57	22B
BA.5.3.4	22B
BA.5.3	22B
BA.5.2.62	22B
BA.5.2.37	22B
BA.5.3.2	22B
BA.5.2.59	22B
BA.5.2.61	22B
BA.5.3.1	22B
BA.5.2.63	22B
BA.5.2.60	22B
BA.5.3.3	22B
BA.5.3.5	22B
BA.5.6.3	22B
BA.5.2.56	22B
BA.5.5	22B
BA.5.5.1	22B
BA.5.6	22B
BA.5.5.3	22B
BA.5.5.2	22B
BA.5.6.1	22B
BA.5.6.2	22B
BB.2	21H
BC.1	21K
BA.5.7	22B
BA.5.6.4	22B
BA.5.9	22B
BA.5.10.1	22B
BA.5.10	22B
BA.5.11	22B
BE.1	22B
BC.2	21K
BD.1	21K
BE.1.4	22B
BE.1.2	22B
BA.5.8	22B
BE.1.1.2	22B
BE.1.3	22B
BE.1.2.1	22B
BE.1.4.1	22B
BE.4.2	22B
BE.1.4.2	22B
BE.1.1.1	22B
BE.2	22B
BE.1.4.4	22B
BE.4	22B
BE.3	22B
BE.4.1	22B
BE.1.4.3	22B
BE.4.1.1	22B
BE.6	22B
BF.1.1	22B
BE.7	22B
BE.1.1	22B
BE.11	22B
BE.12	22B
BE.10	22B
BE.9	22B
BE.8	22B
BE.13	22B
BF.2	22B
BF.1	22B
BF.4	22B
BF.5	22B
BF.3.1	22B
BF.5.1	22B
BF.5.4	22B
BF.5.2	22B
BF.7	22B
BF.6	22B
BF.5.5	22B
BF.7.1	22B
BF.7.2	22B
BF.7.3	22B
BF.7.4.1	22B
BF.7.5	22B
BF.7.4	22B
BF.3	22B
BF.7.5.1	22B
BF.7.9	22B
BF.7.8	22B
BF.7.7	22B
BF.7.10	22B
BF.7.6	22B
BF.7.13.1	22B
BF.7.11	22B
BF.7.13	22B
BF.7.12	22B
BF.7.21	22B
BF.7.13.2	22B
BF.7.14	22B
BF.7.14.1	22B
BF.7.4.2	22B
BF.7.14.4	22B
BF.7.14.3	22B
BF.7.15	22B
BF.7.16	22B
BF.7.17	22B
BF.7.19	22B
BF.7.18	22B
BF.7.14.5	22B
BF.7.19.1	22B
BF.7.20	22B
BF.7.14.6	22B
BF.7.22	22B
BF.7.26	22B
BF.7.24	22B
BF.7.23	22B
BF.8	22B
BF.7.27	22B
BF.10	22B
BF.11	22B
BF.10.1	22B
BF.11.3	22B
BF.13	22B
BF.14	22B
BF.11.1	22B
BF.12	22B
BF.11.4	22B
BF.16	22B
BF.11.5	22B
BF.11.2	22B
BF.7.14.2	22B
BF.15	22B
BF.17	22B
BF.18	22B
BF.19	22B
BF.31.1	22B
BF.9	22B
BF.23	22B
BF.25	22B
BF.24	22B
BF.20	22B
BF.27	22B
BF.26	22B
BF.29	22B
BF.31	22B
BF.28	22B
BF.21	22B
BF.30	22B
BF.32	22B
BF.34	22B
BF.40	22B
BF.39	22B
BF.39.1	22B
BF.38	22B
BF.36	22B
BG.3	22C
BG.1	22C
BF.41.1	22B
BG.2	22C
BG.5	22C
BG.4	22C
BG.6	22C
BK.1	22B
BL.1.2	22D
BG.7	22C
BH.1	21L
BF.35	22B
BL.1.1	22D
BL.1	22D
BF.41	22B
BL.1.5	22D
BL.1.4	22D
BL.1.3	22D
BJ.1	21L
BL.2	22D
BL.5	22D
BL.3	22D
BL.4	22D
BL.2.1	22D
BM.1	22D
BL.6	22D
BM.1.1	22D
BM.1.1.1	22D
BM.2	22D
BM.1.1.3	22D
BM.2.1	22D
BM.1.1.4	22D
BM.1.1.5	22D
BN.1.1	22D
BM.3	22D
BM.4	22D
BM.4.1	22D
BM.4.1.1	22D
BN.1	22D
BM.1.1.2	22D
BN.1.1.1	22D
BN.1.2	22D
BN.1.2.1	22D
BN.1.2.2	22D
BM.5	22D
BN.1.2.3	22D
BN.1.2.4	22D
BN.1.2.5	22D
BN.1.2.6	22D
BN.1.2.7	22D
BN.1.2.8	22D
BN.1.3	22D
BN.1.3.2	22D
BN.1.3.1	22D
BN.1.3.3	22D
BN.1.3.4	22D
BN.1.3.6	22D
BN.1.3.5	22D
BN.1.3.10	22D
BN.1.3.7	22D
BN.1.3.9	22D
BN.1.3.11	22D
BN.1.3.8	22D
BN.1.4	22D
BN.1.4.1	22D
BN.1.4.2	22D
BN.1.4.3	22D
BN.1.4.4	22D
BN.1.4.5	22D
BN.1.3.12	22D
BN.1.5.1	22D
BN.1.5	22D
BN.1.5.2	22D
BN.1.8	22D
BN.1.7	22D
BN.1.6	22D
BN.1.10	22D
BN.1.9	22D
BN.2.1	22D
BN.2	22D
BN.3	22D
BN.1.11	22D
BN.4	22D
BN.6	22D
BQ.1	22E
BN.5	22D
BQ.1.1	22E
BQ.1.1.1	22E
BQ.1.1.2	22E
BQ.1.1.4	22E
BQ.1.1.3	22E
BN.3.1	22D
BQ.1.1.14	22E
BQ.1.1.7	22E
BQ.1.1.8	22E
BQ.1.1.6	22E
BQ.1.1.5	22E
BQ.1.1.10	22E
BQ.1.1.9	22E
BQ.1.1.11	22E
BQ.1.1.15	22E
BQ.1.1.12	22E
BQ.1.1.18	22E
BQ.1.1.19	22E
BQ.1.1.21	22E
BQ.1.1.16	22E
BQ.1.1.22	22E
BQ.1.1.17	22E
BQ.1.1.20	22E
BQ.1.1.23	22E
BQ.1.1.25	22E
BQ.1.1.24	22E
BQ.1.1.13	22E
BQ.1.1.31	22E
BQ.1.1.30	22E
BQ.1.1.28	22E
BQ.1.1.29	22E
BQ.1.1.26	22E
BQ.1.1.32	22E
BQ.1.1.44	22E
BQ.1.1.27	22E
BQ.1.1.35	22E
BQ.1.1.37	22E
BQ.1.1.38	22E
BQ.1.1.36	22E
BQ.1.1.39	22E
BQ.1.1.40	22E
BQ.1.1.34	22E
BQ.1.1.42	22E
BQ.1.1.43	22E
BQ.1.1.54	22E
BQ.1.1.45	22E
BQ.1.1.53	22E
BQ.1.1.52	22E
BQ.1.1.49	22E
BQ.1.1.51	22E
BQ.1.1.47	22E
BQ.1.1.48	22E
BQ.1.1.41	22E
BQ.1.1.55	22E
BQ.1.1.65	22E
BQ.1.1.57	22E
BQ.1.1.58	22E
BQ.1.1.62	22E
BQ.1.1.61	22E
BQ.1.1.67	22E
BQ.1.1.59	22E
BQ.1.1.63	22E
BQ.1.1.64	22E
BQ.1.1.66	22E
BQ.1.1.69	22E
BQ.1.1.70	22E
BQ.1.1.68	22E
BQ.1.1.46	22E
BQ.1.1.71	22E
BQ.1.1.72	22E
BQ.1.2.3	22E
BQ.1.2.2	22E
BQ.1.1.76	22E
BQ.1.1.56	22E
BQ.1.2	22E
BQ.1.2.1	22E
BQ.1.1.78	22E
BQ.1.1.79	22E
BQ.1.1.77	22E
BQ.1.1.60	22E
BQ.1.3	22E
BQ.1.3.1	22E
BQ.1.8.2	22E
BQ.1.9	22E
BQ.1.3.2	22E
BQ.1.7	22E
BQ.1.4	22E
BQ.1.6	22E
BQ.1.8	22E
BQ.1.8.1	22E
BQ.1.1.74	22E
BQ.1.10	22E
BQ.1.15	22E
BQ.1.13	22E
BQ.1.10.3	22E
BQ.1.10.2	22E
BQ.1.11	22E
BQ.1.10.1	22E
BQ.1.12	22E
BQ.1.11.1	22E
BQ.1.13.1	22E
BQ.1.5	22E
BQ.1.14	22E
BQ.1.15.1	22E
BQ.1.23	22E
BQ.1.15.2	22E
BQ.1.16	22E
BQ.1.19	22E
BQ.1.17	22E
BQ.1.18	22E
BQ.1.20	22E
BQ.1.22	22E
BQ.1.21	22E
BQ.1.26	22E
BQ.1.26.2	22E
BQ.1.25.1	22E
BQ.1.25	22E
BQ.1.26.1	22E
BQ.1.32	22E
BQ.1.27	22E
BQ.1.29	22E
BQ.1.30	22E
BQ.1.31	22E
BQ.1.33	22E
BQ.2	22B
BQ.1.28	22E
BR.1.2	22D
BR.2	22D
BR.1	22D
BR.2.1	22D
BT.2	22B
BR.3	22D
BR.4	22D
BQ.1.24	22E
BT.1	22B
BR.5	22D
BS.1	21L
BR.5.1	22D
BS.1.1	21L
BU.2	22B
BU.3	22B
BV.1	22B
BV.2	22B
BW.1	22B
BW.1.1	22B
BY.1.1	22D
BW.1.1.1	22B
BY.1	22D
BW.1.2	22B
BW.1.1.2	22B
C.1	20D
C.4	20D
C.2.1	20D
C.1.2	20D
C.33	20D
BY.1.1.1	22D
C.16	20D
C.13	20D
C.14	20D
BZ.2	22B
BY.1.2	22D
BU.1	22B
C.23	20D
C.36	20D
C.35	20D
C.32	20D
C.26	20D
C.36.3	20D
C.36.3.1	20D
C.37	21G
C.37.1	21G
C.38	20D
CA.2	22D
CA.7	22D
CA.1	22D
CA.3	22D
CA.5	22D
BZ.1	22B
CA.6	22D
CA.3.1	22D
CD.1	22B
CF.1	22B
CG.1	22B
CD.2	22B
CE.1	22B
CB.1	22D
CH.1	22D
CH.1.1.4	23C
CH.1.1	23C
CH.1.1.1	23C
CH.1.1.3	23C
CH.1.1.2	23C
CH.1.1.5	23C
CH.1.1.8	23C
CH.1.1.10	23C
CH.1.1.6	23C
CH.1.1.7	23C
CH.1.1.11	23C
CH.1.1.19	23C
CH.1.1.9	23C
CC.1	22B
CH.1.1.12	23C
CH.1.1.13	23C
CH.1.1.15	23C
CH.1.1.16	23C
CH.1.1.17	23C
CH.1.1.18	23C
CH.1.1.20	23C
CH.1.1.21	23C
CH.1.1.22	23C
CH.1.1.23	23C
CH.1.1.14	23C
CH.1.1.27	23C
CH.1.1.28	23C
CH.1.1.24	23C
CH.1.1.30	23C
CH.1.1.29	23C
CH.1.1.26	23C
CH.1.1.25	23C
CJ.1	22D
CH.2	22D
CH.3.1	22D
CJ.1.1	22D
CJ.1.2	22D
CH.1.1.32	23C
CK.1	22B
CK.1.1.2	22B
CK.1.2	22B
CK.3	22B
CJ.1.3	22D
CK.1.4	22B
CK.1.5	22B
CK.1.3	22B
CK.2.1	22B
CK.2.1.1	22B
CL.1.1	22B
CL.1	22B
CL.1.2	22B
CK.2	22B
CL.1.3	22B
CM.1	21L
CM.2.1	21L
CM.3	21L
CM.5.2	21L
CM.4.1	21L
CM.5.1	21L
CM.5	21L
CM.7	21L
CM.6	21L
CM.6.1	21L
CM.7.1	21L
CN.1	22B
CM.7.1.1	21L
CM.8.1	21L
CM.8.1.2	21L
CM.8	21L
CM.2	21L
CM.9	21L
CM.11	21L
CM.10	21L
CM.8.1.3	21L
CM.12	21L
CM.4	21L
CM.8.1.4	21L
CP.3	22B
CN.2	22B
CP.1	22B
CP.1.1	22B
CP.1.3	22B
CP.1.2	22B
CP.4	22B
CP.5	22B
CU.1	22B
CP.8	22B
CP.6	22B
CQ.2	22B
CQ.1.1	22B
CR.1	22B
CR.1.1	22B
CR.2	22B
CR.1.3	22B
CS.1	22A
CT.1	22B
CV.1	22D
CV.2	22D
CP.2	22B
CW.1	22E
D.2	20F
DA.1	22B
CY.1	22B
CZ.2	22E
CY.2	22B
CQ.1	22B
DB.1	22B
DF.1	22B
DB.2	22B
DC.1	22A
DF.1.1	22B
DE.2	22B
DE.1	22B
DJ.1	22B
DG.1	22B
DJ.1.1	22B
DJ.1.1.1	22B
DH.1	22B
DK.1	22E
DJ.1.3	22B
DL.1	22B
DJ.1.2	22B
DM.1	22E
DN.1.1.1	22E
DN.1.1	22E
DN.1	22E
DN.2	22E
DN.3	22E
DN.1.1.2	22E
DN.1.1.3	22E
DN.3.1	22E
DN.1.1.4	22E
DP.1	22E
DR.2	22E
DS.1	22D
DQ.1	22B
DR.1	22E
DS.2	22D
DT.1	22E
DT.2	22E
DS.3	22D
DT.3	22E
DU.1	22E
DV.1	23C
DV.1.1	23C
DV.3	23C
DV.6	23C
DV.3.1	23C
DV.4	23C
DV.5	23C
DV.2	23C
DV.6.1	23C
DV.6.2	23C
DV.7.1	23C
DV.7.1.2	23C
DV.7	23C
DV.7.1.4	23C
DV.7.1.3	23C
DV.7.1.1	23C
DV.7.1.5	23C
DV.7.1.6	23C
DV.8	23C
DW.1	22B
DV.7.2	23C
DV.7.1.7	23C
DY.4	22B
DY.2	22B
DY.3	22B
DY.1	22B
DY.1.1	22B
DZ.1	22B
EA.2	22E
EA.1	22E
EB.1	22B
ED.1	22E
EC.1.1	22E
EE.1	22E
ED.2	22E
ED.3	22E
EE.2	22E
EC.1	22E
EE.5	22E
EE.3	22E
EF.1	22E
EE.4	22E
EF.1.3	22E
EF.1.1	22E
EF.1.1.1	22E
EF.1.2	22E
EF.3	22E
EF.2	22E
EG.1	23D
EG.1.1	23D
EG.1.2	23D
EG.1.3	23D
EG.1.4	23D
EG.1.6	23D
EG.1.4.1	23D
EG.1.5	23D
EG.1.7	23D
EG.2	23D
EG.2.5	23D
EG.2.2	23D
EG.2.1	23D
EG.1.8	23D
EG.4	23D
EG.4.5	23D
EG.4.4	23D
EG.4.1	23D
EG.3	23D
EG.4.3	23D
EG.5	23D
EG.5.1	23F
EG.5.1.4	23F
EG.5.1.1	23F
EG.5.1.2	23F
EG.5.1.3	23F
EG.5.1.5	23F
EG.5.1.7	23F
EG.5.1.16	23F
EG.5.1.8	23F
EG.5.1.10	23F
EG.5.1.6	23F
EG.5.1.11	23F
EG.5.1.9	23F
EG.5.1.12	23F
EG.5.1.14	23F
EG.5.1.13	23F
EG.5.1.15	23F
EG.5.1.17	23F
EG.5.1.18	23F
EG.5.1.19	23F
EG.5.2	23D
EG.6	23D
EG.5.2.3	23D
EG.5.2.2	23D
EG.6.1	23D
EG.5.2.4	23D
EG.5.2.1	23D
EG.6.1.1	23D
EG.7	23D
EG.9.1	23D
EG.9	23D
EG.10	23D
EG.10.1	23D
EG.6.1.2	23D
EG.8	23D
EG.11	23D
EG.10.1.1	23D
EG.13	23D
EG.12	23D
EG.14	23D
EH.1	22E
EJ.1	22D
EJ.2	22D
EK.2	23A
EK.2.1	23A
EK.3	23A
EL.1	23A
EK.4	23A
EN.1	22E
EQ.1	22B
EN.1.1	22E
EM.1	23A
EP.2	22D
ET.1	22E
ES.1	22E
ER.1.1	22E
EU.1.1	23A
EU.1	23A
ER.1	22E
EU.1.1.1	23A
EW.1	22E
EU.1.1.2	23A
EV.1	22E
EU.1.1.3	23A
EW.2	22E
FA.1	22E
FA.2	22E
EW.3	22E
EZ.1	22E
EY.1	22E
FB.1	22E
FC.1	22E
FB.2	22E
FD.1	23A
FD.1.1	23A
FD.4	23A
FD.3	23A
FD.4.1	23A
FD.2	23A
FE.1.1.1	22F
FD.5	23A
FD.5.1	23A
FE.1	22F
FE.1.1	22F
FE.1.2	22F
FE.1.1.5	22F
FE.1.1.2	22F
FG.2	23A
FF.1	22E
FG.1	23A
FK.1.2.2	23C
FG.3	23A
FH.1	23A
FJ.1	23C
FK.1	23C
FK.1.2.1	23C
FK.1.1	23C
FK.1.1.2	23C
FK.1.3.2	23C
FK.1.3	23C
FK.1.4.1	23C
FK.1.5	23C
FE.1.1.4	22F
FL.1.5.1	23D
FL.1.1	23D
FL.1	23D
FL.1.2	23D
FL.1.3	23D
FL.1.4	23D
FL.1.5	23D
FL.1.5.2	23D
FL.1.8	23D
FL.2.1	23D
FL.2	23D
FK.1.2	23C
FL.2.2.1	23D
FL.2.2	23D
FL.2.7	23D
FL.2.3	23D
FL.2.4	23D
FL.2.5	23D
FL.2.3.1	23D
FL.2.6	23D
FL.2.7.1	23D
FL.3	23D
FL.3.2	23D
FL.3.1	23D
FL.4.8	23D
FL.3.4	23D
FL.3.3	23D
FL.4	23D
FL.4.1	23D
FL.1.6	23D
FL.4.2	23D
FL.4.1.1	23D
FL.4.5	23D
FL.4.6	23D
FL.4.9	23D
FL.5	23D
FL.4.10	23D
FL.4.11	23D
FL.5.1	23D
FL.10	23D
FL.6	23D
FL.7	23D
FL.8	23D
FL.9	23D
FL.11	23D
FL.10.3	23D
FL.10.1	23D
FL.10.2	23D
FL.13	23D
FL.12	23D
FL.15	23D
FL.4.3	23D
FL.13.3.1	23D
FL.13.4	23D
FL.13.3	23D
FL.13.2	23D
FL.14	23D
FL.13.5	23D
FL.13.4.1	23D
FL.15.2	23D
FL.15.1.1	23D
FL.15.3	23D
FL.15.4	23D
FL.13.1	23D
FL.19	23D
FL.16	23D
FL.17	23D
FL.18	23D
FL.17.2	23D
FL.18.1	23D
FL.20	23D
FL.18.1.1	23D
FL.20.1	23D
FL.21	23D
FL.21.2	23D
FL.21.1	23D
FL.20.2	23D
FL.25	23D
FL.23.1	23D
FL.23	23D
FL.24	23D
FL.23.2.1	23D
FL.24.1	23D
FL.26	23D
FL.26.1	23D
FL.27	23D
FL.28	23D
FL.34	23D
FL.29	23D
FL.30.1	23D
FL.31	23D
FL.33	23D
FL.32.1	23D
FL.31.1	23D
FL.32	23D
FL.33.1	23D
FL.19.1	23D
FL.22	23D
FL.35	23D
FL.35.1	23D
FL.37	23D
FL.36	23D
FN.1	22E
FL.38	23D
FM.1	22E
FL.40	23D
FL.39	23D
FM.2	22E
FQ.1	22E
FP.4	22F
FP.3	22F
FP.2	22F
FP.2.1.1	22F
FP.2.1	22F
FR.1	22D
FR.1.1	22D
FT.1	23A
FR.1.5	22D
FR.1.4	22D
FR.2	22D
FS.1	23C
FT.2	23A
FT.3.1.1	23A
FT.3.1	23A
FT.3	23A
FT.4	23A
FR.1.2	22D
FV.1	21L
FR.1.3	22D
FU.2	23B
FU.2.1	23B
FU.3	23B
FU.1	23B
FU.3.1	23B
FU.4	23B
FU.5	23B
FW.1	22F
FW.1.1	22F
FW.1.1.1	22F
FW.2	22F
FU.1.1.1	23B
FY.1.4	22F
FY.1.1	22F
FY.1.2	22F
FY.1.2.2	22F
FY.1.2.1	22F
FY.1.2.3	22F
FY.1.4.1	22F
FY.2	22F
FY.3	22F
FY.2.1	22F
FY.3.2	22F
FY.3.3	22F
FY.3.1	22F
FY.4	22F
FY.4.1	22F
FY.1	22F
FY.4.1.1	22F
FY.4.1.2	22F
FY.4.2	22F
FY.5.1	22F
FY.5.1.1	22F
FY.5.2	22F
FY.5.4	22F
FY.5.5	22F
FZ.1.1	23A
FY.6	22F
FY.8	22F
FY.7	22F
FY.6.1	22F
FY.8.1	22F
FY.5.5.1	22F
FY.9	22F
FZ.1	23A
FZ.2	23A
GA.1	22F
GA.2	22F
GA.2.1.1	22F
GA.3	22F
GA.4.1.3	22F
FY.5	22F
GA.4	22F
GA.4.1	22F
GA.4.1.2	22F
GA.4.1.1	22F
GA.5	22F
GA.6	22F
GA.4.2	22F
GA.7	22F
GA.8	22F
GA.7.2	22F
GA.7.1	22F
GC.2	23A
FY.8.1.1	22F
GB.1	23A
GA.9	22F
GA.8.1	22F
GB.2	23A
GA.6.1	22F
GC.1	23A
GD.1	23D
GG.1	23A
GD.2	23D
GE.1	23E
GE.1.1	23E
GE.1.2	23E
GE.1.3	23E
GE.1.2.2	23E
GE.1.4	23E
GE.1.2.1	23E
GE.1.6	23E
GE.1.5	23E
GJ.1	23E
GF.1	23A
GJ.1.1	23E
GJ.1.2	23E
GJ.1.2.6	23E
GJ.1.2.1	23E
GJ.1.2.4	23E
GH.1	22F
GJ.1.2.5	23E
GJ.1.2.2	23E
GJ.3	23E
GJ.5	23E
GJ.2	23E
GJ.1.2.8	23E
GJ.6	23E
GJ.5.1	23E
GK.1.4	23G
GJ.1.2.7	23E
GK.1	23G
GK.1.1	23G
GK.1.1.1	23G
GK.1.2	23G
GK.1.2.1	23G
GK.1.6	23G
GK.1.5	23G
GK.1.6.1	23G
GJ.4	23E
GK.2	23G
GK.1.7	23G
GK.1.8	23G
GK.1.9	23G
GK.1.11	23G
GK.1.8.1	23G
GK.1.11.1	23G
GK.1.10.1	23G
GK.1.10	23G
GK.2.2	23G
GK.2.3	23G
GK.2.1.1	23G
GK.2.1	23G
GK.1.3	23G
GK.3	23G
GK.6	23G
GK.3.2	23G
GK.3.1	23G
GK.4	23G
GK.5.1	23G
GK.2.4	23G
GK.7	23G
GK.8.1	23G
GK.10	23G
GM.2	23E
GK.12	23G
GN.1.4	23A
GM.1	23E
GL.3	recombinant
GL.1	recombinant
GN.1	23A
GM.3	23E
GM.3.1	23E
GN.1.3	23A
GN.1.1	23A
GN.3	23A
GN.2	23A
GS.2	23E
GN.4	23A
GN.5	23A
GP.2	23C
GQ.1	23C
GP.3	23C
GS.1	23E
GR.1	23A
GS.4.1	23E
GS.3	23E
GS.4.1.1	23E
GS.4	23E
GS.5	23E
GS.6	23E
GS.7	23E
GS.7.1	23E
GU.1	23A
GN.1.2	23A
GS.8	23E
GT.1	recombinant
GV.1	23A
GP.1	23C
GW.1	22F
GW.2	22F
GW.3	22F
GW.5.3	22F
GY.4	23B
GW.5.1	22F
GW.5.1.1	22F
GW.5.2	22F
GW.5	22F
GY.1	23B
GW.5.3.1	22F
GY.1.1	23B
GW.4	22F
GY.2.1	23B
GY.3	23B
GY.6	23B
GY.7	23B
HC.1	23A
GY.9	23B
GZ.1	23E
GY.8	23B
HA.2	23A
HB.1	22F
HC.2	23A
HC.3	23A
HD.1	23A
HC.4	23A
GY.5	23B
HD.1.1	23A
HE.1	22F
HE.2	22F
HA.1	23A
HF.1.2	23B
HF.1.1	23B
HG.3	23E
HF.1	23B
HG.1	23E
HG.2	23E
HH.1	23E
HH.2	23E
HH.4	23E
HH.3	23E
HH.2.1	23E
HH.5	23E
HH.6	23E
HK.3	23H
HH.7	23E
HJ.1	23A
HH.8.1	23E
HK.1	23F
HK.2.1	23F
HK.1.2	23F
HK.3.2	23H
HK.3.1	23H
HK.2	23F
HK.3.9	23H
HK.3.2.1	23H
HH.1.1	23E
HK.3.2.2	23H
HK.3.5	23H
HK.3.4	23H
HK.3.7	23H
HK.3.6	23H
HH.8	23E
HK.3.8	23H
HK.3.3	23H
HK.3.10	23H
HK.3.12	23H
HK.3.11	23H
HK.3.13	23H
HK.8	23F
HK.3.14	23H
HK.4	23F
HK.5	23F
HK.6	23F
HK.7	23F
HK.8.1	23F
HK.13	23F
HK.11	23F
HK.12	23F
HK.11.1	23F
HK.13.1	23F
HK.19	23F
HK.9	23F
HK.13.2.1	23F
HK.14	23F
HK.17	23F
HK.18	23F
HK.15	23F
HK.16	23F
HK.21	23F
HK.20	23F
HK.23	23F
HK.13.2	23F
HK.20.1	23F
HK.27	23F
HK.22	23F
HK.24	23F
HK.26.1	23F
HK.26	23F
HK.25	23F
HK.28	23F
HK.27.1	23F
HK.30	23F
HK.27.1.1	23F
HK.29	23F
HK.33	23F
HK.34	23F
HK.31	23F
HK.32	23F
HN.2	23D
HK.24.1	23F
HK.23.1	23F
HL.1	22F
HK.34.1	23F
HN.1	23D
HN.2.1	23D
HR.1.1	23A
HN.4	23D
HN.3.1	23D
HN.4.1	23D
HP.1	23A
HP.1.1	23A
HN.6	23D
HN.4.2	23D
HN.8	23D
HN.7	23D
HQ.1	23A
HR.1	23A
HS.1	23A
HN.3	23D
HT.2	23A
HT.1	23A
HN.5	23D
HU.2	22F
HU.1	22F
HU.1.1	22F
HS.1.1	23A
HV.1	23F
HV.1.2	23F
HV.1.3	23F
HV.1.1	23F
HV.1.4	23F
HV.1.6	23F
HV.1.5	23F
HV.1.7	23F
HV.1.6.1	23F
HV.1.8	23F
HV.2	23F
HV.1.9	23F
HV.1.11	23F
HV.1.10	23F
HW.1	recombinant
HW.1.1	recombinant
HW.1.2	recombinant
HY.1	23A
HZ.1	23A
HZ.2	23A
JA.1	23E
HZ.3	23A
JB.2	23A
JB.1	23A
JC.1	22F
JC.2	22F
JC.5	22F
JC.4	22F
JC.3	22F
JD.1	23A
JD.1.1	23A
JC.5.1	22F
JC.6	22F
JD.1.1.1	23A
JB.2.1	23A
JD.1.1.2	23A
JD.1.1.3	23A
JD.1.1.6	23A
JD.1.1.4	23A
JD.1.1.8	23A
JD.1.1.7	23A
JD.1.1.5	23A
JD.1.2	23A
JD.1.2.2	23A
JD.1.2.1	23A
JD.2	23A
JD.2.1	23A
JE.1.1.1	23E
JE.1.1	23E
JE.1	23E
JF.1.1.2	23B
JF.1.1	23B
JF.3	23B
JF.1	23B
JF.2	23B
JF.4	23B
JG.3.3	23F
JG.2	23F
JG.3	23F
JG.3.2	23F
JG.3.1	23F
JG.1	23F
JH.1	22E
JG.4	23F
JH.2	22E
JG.3.4	23F
JK.1	23A
JJ.1	23F
JN.1	24A
JL.1	23C
JM.1	23B
JN.1.1.4	24A
JN.1.1	24A
JN.1.1.2	24A
JN.1.1.3	24A
JN.1.1.5	24A
JN.1.1.9	24A
JN.1.1.7	24A
JN.1.1.8	24A
JN.1.1.6	24A
JN.1.4.5	24A
JN.1.1.10	24A
JN.1.2	24A
JN.1.3	24A
JN.1.4.4	24A
JN.1.2.1	24A
JM.2	23B
JN.1.4	24A
JN.1.4.2	24A
JN.1.4.1	24A
JN.1.1.1	24A
JN.1.4.6	24A
JN.1.7.1	24A
JN.1.4.8	24A
JN.1.4.3	24A
JN.1.4.9	24A
JN.1.6	24A
JN.1.5	24A
JN.1.4.7	24A
JN.1.6.1	24A
JN.1.7.3	24A
JN.1.7.2	24A
JN.1.7.4	24A
JN.1.7.5	24A
JN.1.7.6	24A
JN.1.7.7	24A
JN.1.7.9	24A
JN.1.7.8	24A
JN.1.8	24A
JN.1.8.3	24A
JN.1.7	24A
JN.1.9.2	24A
JN.1.8.1	24A
JN.1.8.2	24A
JN.1.8.4	24A
JN.1.10	24A
JN.1.9.1	24A
JN.1.11	24A
JN.1.9	24A
JN.1.12	24A
JN.1.14	24A
JN.1.15	24A
JN.1.13.1	24A
JN.1.11.2	24A
JN.1.11.1	24B
JN.1.15.1	24A
JN.1.16.4	24A
JN.1.16.1	24A
JN.1.16	24A
JN.1.13	24A
JN.1.16.2	24A
JN.1.16.3	24A
JN.1.17	24A
JN.1.18.1	24A
JN.1.18	24A
JN.1.18.2	24A
JN.1.18.3	24A
JN.1.16.5	24A
JN.1.18.4	24A
JN.1.18.5	24A
JN.1.19	24A
JN.1.18.8	24A
JN.1.18.9	24A
JN.1.18.6	24A
JN.1.21	24A
JN.1.22	24A
JN.1.23	24A
JN.1.20	24A
JN.1.25	24A
JN.1.24	24A
JN.1.25.1	24A
JN.1.23.1	24A
JN.1.28	24A
JN.1.27	24A
JN.1.29	24A
JN.1.29.1	24A
JN.1.28.1	24A
JN.1.26	24A
JN.1.30	24A
JN.1.32.1	24A
JN.1.35	24A
JN.1.30.1	24A
JN.1.31	24A
JN.1.34	24A
JN.1.36	24A
JN.1.32	24A
JN.1.36.1	24A
JN.1.39	24A
JN.1.37	24A
JN.1.38.1	24A
JN.1.38	24A
JN.1.39.1	24A
JN.1.43.1	24A
JN.1.40	24A
JN.1.41	24A
JN.1.39.3	24A
JN.1.42	24A
JN.1.43	24A
JN.1.46	24A
JN.1.44	24A
JN.1.42.2	24A
JN.1.45	24A
JN.1.47	24A
JN.1.49.1	24A
JN.1.50	24A
JN.1.47.2	24A
JN.1.47.1	24A
JN.1.48.2	24A
JN.1.49	24A
JN.1.42.1	24A
JN.1.48.1	24A
JN.1.39.2	24A
JN.1.48.3	24A
JN.1.50.1	24A
JN.1.50.2	24A
JN.1.55.2	24A
JN.1.53	24A
JN.1.54	24A
JN.1.53.1	24A
JN.1.52	24A
JN.1.51.1	24A
JN.1.55	24A
JN.1.56	24A
JN.1.55.1	24A
JN.1.57	24A
JN.1.48	24A
JN.1.51	24A
JN.1.61	24A
JN.1.57.1	24A
JN.1.58.1	24A
JN.1.58	24A
JN.1.58.3	24A
JN.1.58.2	24A
JN.1.59	24A
JN.1.59.1	24A
JN.1.60	24A
JN.1.64	24A
JN.1.63	24A
JN.1.62	24A
JN.1.63.1	24A
JN.1.65	24A
JN.1.69	24A
JN.1.67.1	24A
JN.1.67	24A
JN.1.64.1	24A
JN.1.65.1	24A
JN.1.68.1	24A
JN.2.1	23I
JN.2	23I
JN.2.2	23I
JN.1.68	24A
JN.2.3	23I
JN.2.4	23I
JN.3.1	23I
JN.5.1	23I
JN.3.3	23I
JN.3.2.1	23I
JN.3.2	23I
JN.4	23I
JN.5	23I
JN.6	23I
JN.9	23I
JN.10	23I
JN.13	23I
JN.13.1	23I
JN.7	23I
JN.11	23I
JN.11.1	23I
JN.14	23I
JN.15	23I
JN.16	23I
JN.18	23I
JN.3	23I
JN.2.5	23I
JN.19	23I
JN.17	23I
JP.1.1	23C
JR.1.1.1	23F
JQ.1	23I
JR.1.1	23F
JQ.2.1	23I
JQ.2.1.1	23I
JY.1.1	23E
JS.1	23E
JS.2	23E
JU.1	23E
JV.1	23C
JW.1.1	22F
JY.1	23E
JV.2	23C
KE.1	22F
JZ.1	23A
KG.2	23C
KC.1.1	23D
KB.4	23F
KC.1	23D
KE.3	22F
KG.1	23C
KF.1	23D
KH.1	23E
KA.1	23A
KE.2	22F
KP.1.1	24B
KK.1	23A
KK.2	23A
KJ.1	23B
KB.1	23F
KB.2	23F
KL.1	23F
KL.1.1	23F
KP.1	24B
KP.1.1.1	24B
KP.1.1.2	24B
KP.1.1.3	24B
KP.1.1.4	24B
KP.1.1.5	24B
KP.2	24B
KP.1.2	24B
KP.1.1.6	24B
KP.2.1	24B
KP.2.2.1	24B
KP.2.2	24B
KP.2.2.2	24B
KP.2.3.1	24G
KP.2.3.2	24G
KP.2.3	24G
KP.2.3.3	24G
KP.2.3.6	24G
KP.2.3.5	24G
KP.2.3.4	24G
KP.2.3.7	24G
KP.2.3.11	24G
KP.2.3.8	24G
KP.2.3.9	24G
KP.2.3.14	24G
KP.2.3.10	24G
KP.2.3.13	24G
KP.2.3.15	24G
KP.2.5	24B
KP.2.4	24B
KP.2.6.1	24B
KP.2.6	24B
KP.2.6.3	24B
KP.2.6.2	24B
KP.2.7	24B
KP.2.8	24B
KP.2.9	24B
KP.2.11	24B
KP.2.3.12	24G
KP.2.15.1	24B
KP.2.14	24B
KP.2.10	24B
KP.2.15	24B
KP.2.14.1	24B
KP.2.14.2	24B
KP.2.18	24B
KP.2.19	24B
KP.2.20	24B
KP.2.24	24B
KP.2.20.1	24B
KP.2.28	24B
KP.2.25	24B
KP.2.23	24B
KP.2.22	24B
KP.2.25.1	24B
KP.2.26	24B
KP.2.25.2	24B
KP.2.27	24B
KP.2.25.3	24B
KP.2.16	24B
KP.3	24C
KP.3.1.1	24E
KP.3.1	24C
KP.3.1.8	24C
KP.3.1.3	24C
KP.3.1.4	24C
KP.2.28.1	24B
KP.3.1.5	24C
KP.3.1.2	24C
KP.3.1.6	24C
KP.3.1.11	24C
KP.3.1.7	24C
KP.3.1.10	24C
KP.3.1.9	24C
KP.3.1.12	24C
KP.3.2	24C
KP.3.2.1	24C
KP.3.2.2	24C
KP.3.2.8	24C
KP.3.2.6	24C
KP.3.2.5	24C
KP.3.2.7	24C
KP.3.2.3	24C
KP.3.2.4	24C
KP.3.3	24C
KP.3.3.2	24C
KP.3.2.9	24C
KP.3.3.4	24C
KP.3.3.3	24C
KP.3.4	24C
KP.3.3.7	24C
KP.3.5	24C
KP.3.4.1	24C
KP.3.3.5	24C
KP.3.3.9	24C
KP.3.3.1	24C
KP.3.3.8	24C
KP.3.6	24C
KP.3.7	24C
KP.4.1	24B
KP.4	24B
KP.4.1.1	24B
KP.4.1.2	24B
KP.4.1.3	24B
KP.4.2	24B
KP.4.2.2	24B
KP.4.2.1	24B
KP.4.2.4	24B
KP.4.2.5	24B
KQ.1	24A
KP.4.2.6	24B
KP.5	24B
KR.1	24A
KP.6	24B
KR.1.1	24A
KR.1.2	24A
KR.1.3	24A
KR.3	24A
KR.1.4	24A
KS.1	24A
KR.4.1	24A
KS.1.1	24A
KS.1.1.1	24A
KS.1.3	24A
KS.1.1.2	24A
KS.2	24A
KS.1.5	24A
KS.1.1.3	24A
KT.1	23E
KT.1.1	23E
KT.1.2	23E
KU.1	24A
KU.2.2	24A
KU.2.1	24A
KU.2	24A
KW.1.1	24A
KV.1	24A
KW.1	24A
KV.2	24A
L.3	20B
KY.1	24A
KW.1.1.1	24A
KZ.1.1	24A
KZ.1	24A
LA.2	24A
LB.1	24A
LA.1	24A
LB.1.1	24A
LB.1.2.2	24A
LB.1.2.1	24A
LB.1.2	24A
LB.1.3.1	24A
LB.1.3	24A
LB.1.2.3	24A
LB.1.3.2	24A
LB.1.3.3	24A
LB.1.3.4	24A
LB.1.4	24A
LB.1.3.5	24A
LB.1.5	24A
LB.1.4.1	24A
LB.1.4.3	24A
LB.1.6	24A
LB.1.7.2	24A
LB.1.7	24A
LB.1.7.1	24A
LB.1.7.3	24A
LB.1.8	24A
LF.1.1	24A
LB.1.9	24A
LB.1.10	24A
LD.1	24A
LE.1	24A
LD.2	24A
LD.1.1	24A
LE.1.2	24A
LF.1	24A
LE.1.3.1	24A
LE.1.1	24A
LF.1.1.1	24A
LF.6	24A
LF.4	24A
LF.3	24A
LF.5	24A
LF.4.1	24A
LF.3.1.2	24A
LF.3.1.1	24A
LC.1	24A
LF.7.1.1	24H
LF.2	24A
LF.7.1	24H
LF.7.1.2	24H
LF.7	24H
LF.7.2	24H
LF.7.3.2	24H
LF.7.1.3	24H
LF.7.1.5	24H
LF.7.1.4	24H
LF.7.2.1	24H
LF.7.3.1	24H
LF.7.3	24H
LF.7.3.5	24H
LF.7.3.3	24H
LF.7.4	24H
LF.7.6.1	24H
LF.7.6	24H
LF.9.1	24A
LF.8.1	24A
LF.8.1.1	24A
LF.7.7.2	24H
LF.7.9	24H
LF.7.7.1	24H
LF.9	24A
LF.10	24A
LH.1	24A
LG.1	24A
LF.7.5	24H
LH.2	24A
LF.7.7	24H
LJ.1	24A
LM.1	24A
LK.1	24A
LK.2.1	24A
LL.1	24A
LP.1.1	24B
LN.1	24A
LN.1.1	24A
LP.1	24B
LP.3	24B
LP.2	24B
LP.1.2.1	24B
LP.7	24B
LP.4	24B
LP.8	24B
LP.5	24B
LP.6	24B
LP.1.2	24B
LP.8.1.7	25A
LP.8.1.2	25A
LP.8.1.4	25A
LP.8.1.5	25A
LP.8.1.3	25A
LP.8.1.6	25A
LP.8.1	25A
LP.8.1.1	25A
LP.8.2	24B
LP.8.1.9	25A
LP.8.1.8	25A
LP.8.2.1	24B
LQ.3	24A
LQ.1	24A
LQ.1.1	24A
LP.11	24B
LP.10.1.1	24B
LQ.1.1.1	24A
LQ.1.2	24A
LP.9	24B
LR.1	24A
LR.3	24A
LY.1	24A
LU.1	24A
LU.2	24A
LS.1	24A
LU.2.1.1	24A
LV.1	23I
LW.1.2	24C
LW.1	24C
LW.1.1	24C
LZ.2.1	24A
LY.2	24A
LZ.1	24A
LZ.1.1	24A
LP.10.1	24B
LZ.2.2	24A
MA.1.1	24A
LZ.4	24A
LZ.3	24A
LZ.5	24A
LT.1	24A
MA.1	24A
MB.1.1	24A
MA.1.2	24A
MB.1.1.3	24A
MB.1.1.2	24A
MB.1.1.1	24A
MC.1	24E
MC.1.1	24E
MC.1.2	24E
MC.1.4	24E
MC.1.5	24E
MC.1.3	24E
MC.1.3.1	24E
MC.1.7	24E
MC.1.6	24E
MC.2.1	24E
MC.3	24E
MC.2	24E
MC.6	24E
MC.4	24E
MC.5	24E
MC.7	24E
MC.8	24E
MC.6.1	24E
MC.9	24E
MC.9.1	24E
MC.8.1	24E
MC.10.1	24E
MC.10	24E
MC.10.1.1	24E
MC.10.1.4	24E
MC.10.1.3	24E
MC.10.1.6	24E
MC.10.1.5	24E
MC.10.1.2	24E
MC.10.1.7	24E
MC.10.2	24E
MC.11.1	24E
MC.11	24E
MC.12	24E
MC.13.3.1	24E
MC.10.2.1	24E
MC.13.1	24E
MC.13.2	24E
MC.13.4	24E
MC.17	24E
MC.16	24E
MC.17.1	24E
MC.15	24E
MC.14	24E
MC.18	24E
MC.25	24E
MC.21	24E
MC.20	24E
MC.13.2.1	24E
MC.21.1	24E
MC.22	24E
MC.24.2	24E
MC.24	24E
MC.23	24E
MC.13	24E
MC.26	24E
MC.26.1	24E
MC.27	24E
MC.29	24E
MC.28	24E
MC.28.1	24E
MC.30	24E
MC.31	24E
MC.28.1.1	24E
MC.30.1.1	24E
MC.30.1	24E
MC.32	24E
MC.32.1	24E
MC.36	24E
MC.35	24E
MC.33	24E
MC.36.1	24E
MC.33.2	24E
MC.33.1	24E
MC.36.2	24E
MC.37	24E
MC.38	24E
MC.39	24E
MD.1	24A
MC.40	24E
MD.2	24A
MD.1.2	24A
MD.1.1	24A
MD.3.1	24A
MD.3.1.2	24A
MD.3.1.3	24A
MD.3.1.4	24A
MF.1	24A
MF.2	24A
MD.4.1	24A
ME.1	24A
MC.40.1	24E
MG.1	24B
MG.2	24B
MG.3	24B
MH.1	24A
MG.4	24B
MJ.2.1.1	24A
MJ.1	24A
MJ.1.1	24A
MK.1	24C
MK.2	24C
MK.3	24C
ML.2	24C
ML.1	24C
MN.1	24A
MM.1	24C
MQ.1	24A
MQ.2	24A
MR.1	24C
MM.2	24C
MS.1	24A
MT.1	24A
MT.1.1	24A
MR.2	24C
MU.1	24B
N.4	20B
N.3	20B
MU.2	24B
N.6	20B
N.5	20B
MU.5	24B
MU.2.1	24B
MU.6	24B
MU.4	24B
MV.2	24A
MU.2.1.1	24B
MV.1.1	24I
MV.1	24I
N.9	20B
MZ.2	24A
MZ.5	24A
MZ.3	24A
MY.1	24C
MW.1	24G
NA.1.1	24A
NA.1	24A
NB.1	24D
NB.1.5	24D
NB.1.3	24D
NB.1.1	24D
NB.1.2	24D
NB.1.4	24D
NB.1.6	24D
NB.1.8.1	24D
NC.1.2.1	24A
NC.1.2	24A
ND.1	24A
ND.1.1.2	24A
ND.1.1.3	24A
ND.1.1	24A
ND.2	24A
ND.1.1.1	24A
NC.1.2.2	24A
NC.1	24A
NC.1.1	24A
NL.5	24A
NE.1	24B
ND.3	24A
NF.1	24A
NF.1.2	24A
NF.1.1	24A
NG.1	24G
NH.1	24B
NL.4	24A
NL.3	24A
NK.1	24G
NL.2	24A
NL.1.1	24A
NL.4.1	24A
NL.5.1	24A
NL.5.2	24A
NL.6	24A
NL.8	24A
NL.7	24A
NN.2	24G
NL.9	24A
NM.1	24G
NM.2	24G
NN.1	24G
NJ.1	24A
NH.4	24B
NP.1	24C
NR.1	24C
NP.2	24C
NS.2	24A
NS.1.1	24A
NS.3	24A
NV.1	24C
NY.1	25A
NT.1	24H
NT.2	24H
NU.1	24A
NW.1	25A
P.1.6	20J
P.1.7	20J
NN.1.1	24G
P.1.4	20J
P.1.1	20J
P.1.2	20J
P.1	20J
NY.2	25A
NY.3	25A
P.1.7.1	20J
NY.4	25A
NY.5	25A
P.1.10.1	20J
NY.8	25A
P.1.8	20J
P.1.11	20J
NS.1	24A
P.1.9	20J
NZ.1	24A
P.1.10	20J
NY.7	25A
P.7	20B
P.2	20B
P.1.17.1	20J
P.1.13	20J
P.1.15	20J
P.1.14	20J
P.1.16	20J
P.6	20B
P.1.12.1	20J
PC.1	24H
Q.3	20I
Q.2	20I
Q.8	20I
W.1	20E
Q.4	20I
R.1	20B
P.1.17	20J
Q.7	20I
PA.1	24E
PB.1	24C
NY.6	25A
XA	recombinant
P.3	21E
XAC	recombinant
XAD	recombinant
XAB	recombinant
XAA	recombinant
XAF	recombinant
XAE	recombinant
Q.1	20I
XAH	recombinant
XAJ	recombinant
XAG	recombinant
XAL	recombinant
XAK	recombinant
XAM	recombinant
XAP	recombinant
XAY.1.1.2	recombinant
XAR	recombinant
XAU	recombinant
XAS	recombinant
XAN	recombinant
XAT	recombinant
XAV	recombinant
XAY.1	recombinant
XAY.1.1.1	recombinant
XAY.1.1	recombinant
XAY.1.1.3	recombinant
XBB	22F
XAY.2.2	recombinant
XAY.2.1	recombinant
XB	recombinant
XAY.2	recombinant
XAY.1.2	recombinant
XAZ	recombinant
XBA	recombinant
XBB.1.1	22F
XBB.1	22F
XBB.1.3	22F
XBB.1.4	22F
XBB.1.4.1	22F
XAY	recombinant
XBB.1.5	23A
XAY.2.3	recombinant
XBB.1.4.2	22F
XBB.1.5.1	23A
XBB.1.5.2	23A
XBB.1.5.3	23A
XBB.1.5.4	23A
XBB.1.5.6	23A
XBB.1.5.5	23A
XBB.1.5.7	23A
XBB.1.5.8	23A
XBB.1.5.12	23A
XBB.1.5.11	23A
XBB.1.5.15	23A
XBB.1.5.13	23A
XBB.1.5.10	23A
XBB.1.5.14	23A
XBB.1.5.17	23A
XBB.1.5.16	23A
XBB.1.5.9	23A
XBB.1.5.18	23A
XBB.1.5.20	23A
XBB.1.5.21	23A
XBB.1.5.22	23A
XBB.1.5.24	23A
XBB.1.5.25	23A
XBB.1.5.26	23A
XBB.1.5.19	23A
XBB.1.5.35	23A
XBB.1.5.28	23A
XBB.1.5.27	23A
XBB.1.5.30	23A
XBB.1.5.34	23A
XBB.1.5.36	23A
XBB.1.5.23	23A
XBB.1.5.33	23A
XBB.1.5.29	23A
XBB.1.5.31	23A
XBB.1.5.32	23A
XBB.1.5.46	23A
XBB.1.5.38	23A
XBB.1.5.37	23A
XBB.1.5.43	23A
XBB.1.5.39	23A
XBB.1.5.40	23A
XBB.1.5.41	23A
XBB.1.5.44	23A
XBB.1.5.49	23A
XBB.1.5.47	23A
XBB.1.5.50	23A
XBB.1.5.48	23A
XBB.1.5.51	23A
XBB.1.5.54	23A
XBB.1.5.53	23A
XBB.1.5.56	23A
XBB.1.5.45	23A
XBB.1.5.55	23A
XBB.1.5.60	23A
XBB.1.5.52	23A
XBB.1.5.57	23A
XBB.1.5.58	23A
XBB.1.5.42	23A
XBB.1.5.59	23A
XBB.1.5.61	23A
XBB.1.5.63	23A
XBB.1.5.62	23A
XBB.1.5.64	23A
XBB.1.5.75	23A
XBB.1.5.65	23A
XBB.1.5.67	23A
XBB.1.5.68	23A
XBB.1.5.69	23A
XBB.1.5.70	23G
XBB.1.5.72	23A
XBB.1.5.71	23A
XBB.1.5.74	23A
XBB.1.5.66	23A
XBB.1.5.77	23A
XBB.1.5.76	23A
XBB.1.5.78	23A
XBB.1.5.86	23A
XBB.1.5.80	23A
XBB.1.5.81	23A
XBB.1.5.85	23A
XBB.1.5.83	23A
XBB.1.5.84	23A
XBB.1.5.73	23A
XBB.1.5.79	23A
XBB.1.5.88	23A
XBB.1.5.90	23A
XBB.1.5.89	23A
XBB.1.5.92	23A
XBB.1.5.100	23A
XBB.1.5.91	23A
XBB.1.5.93	23A
XBB.1.5.94	23A
XBB.1.5.95	23A
XBB.1.5.97	23A
XBB.1.5.96	23A
XBB.1.5.99	23A
XBB.1.5.102	23A
XBB.1.5.103	23A
XBB.1.5.107	23A
XBB.1.5.106	23A
XBB.1.5.104	23A
XBB.1.5.105	23A
XBB.1.5.101	23A
XBB.1.7	22F
XBB.1.5.109	23A
XBB.1.5.110	23A
XBB.1.8	22F
XBB.1.6	22F
XBB.1.5.98	23A
XBB.1.9.1	23D
XBB.1.9	23D
XBB.1.9.2	23D
XBB.1.9.5	23D
XBB.1.14	22F
XBB.1.9.7	23D
XBB.1.14.1	22F
XBB.1.11.1	22F
XBB.1.11	22F
XBB.1.10	22F
XBB.1.13	22F
XBB.1.12	22F
XBB.1.5.108	23A
XBB.1.13.1	22F
XBB.1.9.3	23D
XBB.1.16.6	23B
XBB.1.15.1	22F
XBB.1.15	22F
XBB.1.16	23B
XBB.1.16.8	23B
XBB.1.9.4	23D
XBB.1.16.4	23B
XBB.1.16.3	23B
XBB.1.16.2	23B
XBB.1.16.5	23B
XBB.1.16.7	23B
XBB.1.16.11	23B
XBB.1.16.9	23B
XBB.1.16.10	23B
XBB.1.16.12	23B
XBB.1.16.13	23B
XBB.1.16.17	23B
XBB.1.16.15	23B
XBB.1.16.1	23B
XBB.1.16.21	23B
XBB.1.16.18	23B
XBB.1.16.20	23B
XBB.1.16.19	23B
XBB.1.16.14	23B
XBB.1.16.23	23B
XBB.1.16.25	23B
XBB.1.16.24	23B
XBB.1.17	22F
XBB.1.16.22	23B
XBB.1.16.26	23B
XBB.1.16.29	23B
XBB.1.16.27	23B
XBB.1.16.28	23B
XBB.1.16.30	23B
XBB.1.16.32	23B
XBB.1.16.31	23B
XBB.1.18.1	22F
XBB.1.18	22F
XBB.1.22.3	22F
XBB.1.17.1	22F
XBB.1.16.16	23B
XBB.1.19	22F
XBB.1.19.1	22F
XBB.1.19.2	22F
XBB.1.22	22F
XBB.1.22.1	22F
XBB.1.22.2	22F
XBB.1.24.1	22F
XBB.1.23	22F
XBB.1.25	22F
XBB.1.24.3	22F
XBB.1.27	22F
XBB.1.28	22F
XBB.1.31.1	22F
XBB.1.28.1	22F
XBB.1.29	22F
XBB.1.30	22F
XBB.1.31	22F
XBB.1.31.2	22F
XBB.1.33	22F
XBB.1.21	22F
XBB.1.34.2	22F
XBB.1.34	22F
XBB.1.34.1	22F
XBB.1.41	22F
XBB.1.37.1	22F
XBB.1.37	22F
XBB.1.35	22F
XBB.1.36	22F
XBB.1.38	22F
XBB.1.38.1	22F
XBB.1.39	22F
XBB.1.40	22F
XBB.1.41.1	22F
XBB.1.41.2	22F
XBB.1.42	22F
XBB.1.41.3	22F
XBB.1.32	22F
XBB.1.45	22F
XBB.1.42.1	22F
XBB.1.43.1	22F
XBB.1.42.2	22F
XBB.1.44	22F
XBB.1.44.1	22F
XBB.1.45.1	22F
XBB.1.46	22F
XBB.1.47	22F
XBB.1.47.1	22F
XBB.1.48	22F
XBB.2	22F
XBB.2.2	22F
XBB.2.1	22F
XBB.2.3.5	23E
XBB.2.3.2	23E
XBB.2.3.3	23E
XBB.2.3	23E
XBB.2.3.1	23E
XBB.1.43	22F
XBB.2.3.6	23E
XBB.2.3.7	23E
XBB.2.3.10	23E
XBB.2.3.8	23E
XBB.2.3.9	23E
XBB.2.3.19	23E
XBB.2.3.11	23E
XBB.2.3.12	23E
XBB.2.3.13	23E
XBB.2.3.14	23E
XBB.2.3.15	23E
XBB.2.3.16	23E
XBB.2.3.17	23E
XBB.2.3.18	23E
XBB.2.3.4	23E
XBB.2.3.21	23E
XBB.2.4	22F
XBB.2.3.22	23E
XBB.2.8	22F
XBB.2.5	22F
XBB.2.3.20	23E
XBB.2.6	22F
XBB.2.6.1	22F
XBB.2.6.2	22F
XBB.2.7.1	22F
XBB.2.7	22F
XBB.2.11	22F
XBB.2.10	22F
XBB.2.9	22F
XBB.2.11.1	22F
XBB.3	22F
XBB.3.2	22F
XBB.4.1	22F
XBB.3.4	22F
XBB.3.3	22F
XBB.4	22F
XBB.3.5	22F
XBB.6.1	22F
XBB.6	22F
XBB.5	22F
XBB.2.12	22F
XBC.1.3	recombinant
XBB.8	22F
XBB.8.1	22F
XBC.1	recombinant
XBC.1.1	recombinant
XBB.8.2	22F
XBB.9	22F
XBC.1.1.1	recombinant
XBB.7	22F
XBC.1.2	recombinant
XBC.1.2.1	recombinant
XBB.3.1	22F
XBC.1.4	recombinant
XBC.1.3.1	recombinant
XBC.1.6	recombinant
XBC.1.5	recombinant
XBD	recombinant
XBC.1.6.3	recombinant
XBC.1.6.4	recombinant
XBC.1.6.1	recombinant
XBC.2	recombinant
XBE	recombinant
XBF	recombinant
XBF.1	recombinant
XBF.2	recombinant
XBF.1.1	recombinant
XBF.3	recombinant
XBF.4	recombinant
XBF.5	recombinant
XBF.7	recombinant
XBJ	recombinant
XBF.8	recombinant
XBF.6	recombinant
XBF.9	recombinant
XBF.7.1	recombinant
XBG	recombinant
XBH	recombinant
XBJ.1	recombinant
XBK	recombinant
XBJ.4	recombinant
XBL	recombinant
XBK.1	recombinant
XBL.1	recombinant
XBL.2	recombinant
XBP	recombinant
XBJ.2	recombinant
XBL.3	recombinant
XBL.3.1	recombinant
XBN	recombinant
XBS	recombinant
XBQ	recombinant
XBT	recombinant
XBM	recombinant
XBW	recombinant
XBU	recombinant
XBV	recombinant
XBJ.3	recombinant
XC	recombinant
XCF.1	recombinant
XCE	recombinant
XBZ	recombinant
XCA	recombinant
XCK	recombinant
XCC	recombinant
XCG	recombinant
XCH	recombinant
XCH.1	recombinant
XCL	recombinant
XCP	recombinant
XCM	recombinant
XBR	recombinant
XCU	recombinant
XCZ	recombinant
XCQ	recombinant
XCR	recombinant
XCS	recombinant
XCF	recombinant
XD	recombinant
XCW	recombinant
XCV	recombinant
XCY	recombinant
XCT.1	recombinant
XCF.3	recombinant
XCT	recombinant
XDB	recombinant
XDD.2	recombinant
XDA	recombinant
XDA.1	recombinant
XDD.1	recombinant
XDC	recombinant
XDD	recombinant
XDD.1.1	recombinant
XDD.3	recombinant
XDE	recombinant
XDF	recombinant
XDG	recombinant
XDK.5	recombinant
XDK.1	recombinant
XDJ	recombinant
XDK	recombinant
XDK.1.2	recombinant
XDK.2	recombinant
XDH	recombinant
XDK.4.1	recombinant
XDK.4	recombinant
XDL	recombinant
XDK.6	recombinant
XDP	recombinant
XDM	recombinant
XDK.3	recombinant
XDP.1	recombinant
XDP.3	recombinant
XDQ.2	recombinant
XDQ	recombinant
XDN	recombinant
XDQ.1	recombinant
XDQ.1.1	recombinant
XDR	recombinant
XDR.1	recombinant
XDR.1.2	recombinant
XDR.1.1	recombinant
XDS	recombinant
XDV.1	24D
XDV	recombinant
XDV.1.1	24D
XDV.1.3	24D
XDV.1.8	24D
XDV.1.4	24D
XDV.1.5.1	24D
XDV.1.7	24D
XDV.1.6	24D
XDV.1.7.1	24D
XDV.1.11	24D
XDV.1.9	24D
XDT	recombinant
XE	recombinant
XDY	recombinant
XDY.1	recombinant
XDY.4	recombinant
XDY.2	recombinant
XDY.3	recombinant
XDY.5	recombinant
XDY.5.1	recombinant
XDY.6	recombinant
XDZ	recombinant
XDY.7	recombinant
XEB	recombinant
XEC.1	24F
XEC.3	24F
XEC.2	24F
XEC	24F
XEC.2.1	24F
XDY.1.1	recombinant
XEC.2.2	24F
XEC.4.1	24F
XEC.4	24F
XEC.2.3.1	24F
XEC.9	24F
XEC.5	24F
XEC.6	24F
XEC.8	24F
XEC.13	24F
XEC.8.1	24F
XEC.10	24F
XEC.11	24F
XEC.11.1	24F
XEC.2.3	24F
XEC.12	24F
XEC.14	24F
XEC.15	24F
XEC.22	24F
XEC.18	24F
XED	recombinant
XEC.16	24F
XEC.19	24F
XEC.20	24F
XEC.21	24F
XEC.23	24F
XEC.24	24F
XEC.25	24F
XEC.11.1.1	24F
XEE	recombinant
XEF	recombinant
XEC.17	24F
XEG	recombinant
XEH	recombinant
XEK.1.1	recombinant
XEK	recombinant
XEK.1	recombinant
XEJ	recombinant
XEJ.1	recombinant
XEK.3	recombinant
XEK.4	recombinant
XEL	recombinant
XEL.1	recombinant
XEK.6	recombinant
XEL.5	recombinant
XEK.5	recombinant
XEQ	recombinant
XEL.4	recombinant
XEL.3	recombinant
XEN	recombinant
XEM	recombinant
XEK.2	recombinant
XEN.1	recombinant
XEN.2	recombinant
XEP	recombinant
XER	recombinant
XET	recombinant
XF	recombinant
XES	recombinant
XEU	recombinant
XEV	recombinant
XEW	recombinant
XJ	recombinant
XK	recombinant
XG	recombinant
XH	recombinant
XFA	recombinant
XFC	recombinant
XFB	recombinant
XFD	recombinant
XL	recombinant
XFH	recombinant
XFG	recombinant
XM	recombinant
XN	recombinant
XQ	recombinant
XP	recombinant
XT	recombinant
XR	recombinant
XU	recombinant
XW	recombinant
XY	recombinant
XV	recombinant
XS	recombinant
XZ	recombinant
