method,gr_mse,gr_mse_reduced,lif_mse,lif_mse_reduced,n_samples,n_variants_requested,n_variants_real,mean_entropy,new_var_rate,n_days
BFGS,0.007142139837983008,0.010571829998884327,43190.82793263016,72338.62304406629,1000,50,50,0.2005836811275186,0.011904761904761904,5075
BFGS,0.004756257424121921,0.006743513778712735,38074.67305820688,53499.3991354888,1000,50,50,0.28106005114754057,0.011904761904761904,4482
BFGS,0.00665810474688684,0.00866272065485597,34599.06770826141,45685.826957585276,1000,50,50,0.19414075197279038,0.011904761904761904,4326
BFGS,0.004947604031790795,0.008768962752047003,19233.05717063633,31749.3811775694,1000,50,50,0.2465979724781151,0.011904761904761904,3622
BFGS,0.005051305031994504,0.009382997142581144,24545.142806632146,49097.38996135318,1000,50,50,0.21158862173668128,0.011904761904761904,4951
stepwiseBFGS,2.5184903087013067e-05,6.972668855107428e-07,209.11220349606944,7.2537580469854595,1000,50,50,0.2005836811275186,0.011904761904761904,5075
stepwiseBFGS,2.6012896561457455e-05,5.552717073059357e-07,233.4332279324342,3.263098603681268,1000,50,50,0.28106005114754057,0.011904761904761904,4482
stepwiseBFGS,7.356392110055587e-05,7.2862611305135775e-06,986.8345751948498,25.425371087503187,1000,50,50,0.19414075197279038,0.011904761904761904,4326
stepwiseBFGS,1.5275160697788788e-05,3.2829007314050555e-06,45.36430670260919,9.70159550948064,1000,50,50,0.2465979724781151,0.011904761904761904,3622
stepwiseBFGS,5.3295506217836804e-05,8.989986441947815e-07,331.18705118775296,4.153350401384002,1000,50,50,0.21158862173668128,0.011904761904761904,4951
BFGS,0.005668403346480623,0.008932351759288215,12712.361319543461,20189.700857381024,1000,50,50,0.25914868334569574,0.017857142857142856,3194
BFGS,7.423593019728279e-05,2.3224533605221865e-06,419.4549070133912,6.272235920906896,1000,50,50,0.3115052541686052,0.017857142857142856,3138
BFGS,2.8042525918674797e-05,2.7456672077588623e-06,142.15928558344245,7.694451525731527,1000,50,50,0.27369586810822283,0.017857142857142856,3160
BFGS,0.004523856618483247,0.009546693512040629,11929.066268819231,21307.53340023934,1000,50,50,0.273077338001951,0.017857142857142856,2676
BFGS,0.0049444654340197874,0.00833906255507734,18877.138277601724,29442.77255404643,1000,50,50,0.27265620207770874,0.017857142857142856,3283
stepwiseBFGS,4.779921832055502e-05,3.8783487007344875e-06,248.28344465054522,9.415661511822552,1000,50,50,0.25914868334569574,0.017857142857142856,3194
stepwiseBFGS,7.438000846394243e-05,2.3220893281118583e-06,420.54979846642453,6.272527605973894,1000,50,50,0.3115052541686052,0.017857142857142856,3138
stepwiseBFGS,2.703844550884338e-05,2.7532405619043904e-06,139.68336434662405,7.701424867915901,1000,50,50,0.27369586810822283,0.017857142857142856,3160
stepwiseBFGS,9.206477772313952e-05,1.0447115653841441e-06,116.03199113177062,2.9679286244701673,1000,50,50,0.273077338001951,0.017857142857142856,2676
stepwiseBFGS,4.050711356999399e-05,1.7612505758015872e-06,119.10757732192877,5.717189472181589,1000,50,50,0.27265620207770874,0.017857142857142856,3283
BFGS,0.00012175162534351786,5.9147809647757006e-06,124.52682118548694,7.796963820095016,1000,50,50,0.4043571541437794,0.03571428571428571,1590
BFGS,0.0003293185202569503,3.6392543558695667e-06,248.7079324588708,1.0013590882802883,1000,50,50,0.311192108181574,0.03571428571428571,1636
BFGS,6.864807718550447e-05,7.459803696056204e-06,88.9884735312738,7.568537697407856,1000,50,50,0.39335366986120307,0.03571428571428571,1749
BFGS,5.5795340177409255e-05,7.763261026590198e-06,21.94966242662653,3.676995778790434,1000,50,50,0.49024498742349076,0.03571428571428571,1574
BFGS,0.00011501398471518237,4.515506469153514e-06,160.50286018415983,4.242713617799504,1000,50,50,0.4897181439384869,0.03571428571428571,1605
stepwiseBFGS,0.00012179662808643373,5.942607060625517e-06,124.55099189566586,7.844950780458328,1000,50,50,0.4043571541437794,0.03571428571428571,1590
stepwiseBFGS,0.0003297183996195786,3.6395543808179407e-06,249.1452682101821,1.001703269794727,1000,50,50,0.311192108181574,0.03571428571428571,1636
stepwiseBFGS,6.862655840088982e-05,7.460385687304276e-06,88.96668202018662,7.569501747018035,1000,50,50,0.39335366986120307,0.03571428571428571,1749
stepwiseBFGS,5.570695920311166e-05,7.724445024859099e-06,21.87888587361241,3.648660951194996,1000,50,50,0.49024498742349076,0.03571428571428571,1574
stepwiseBFGS,0.00011522447416023403,4.516652321754848e-06,160.68837140653568,4.244590219010758,1000,50,50,0.4897181439384869,0.03571428571428571,1605
BFGS,9.955521059831859e-05,2.640075914831507e-06,17.336270963884385,0.6804053511338535,1000,50,50,0.5101251250612189,0.047619047619047616,1242
BFGS,0.0004814275351129382,1.2329959888618631e-05,403.72306423816065,10.979151147514436,1000,50,50,0.37510259362146464,0.047619047619047616,1189
BFGS,2.261335609867353e-05,3.158468456156197e-06,10.26220964579787,1.1778120063650106,1000,50,50,0.49649252767683144,0.047619047619047616,1296
BFGS,0.00013062306041030714,1.636762532901934e-06,27.03680786796051,0.4613150484692238,1000,50,50,0.5790015821670464,0.047619047619047616,1254
BFGS,0.0001402260215820455,6.609083338444565e-06,69.10774286864991,4.741946419024976,1000,50,50,0.5753254430253607,0.047619047619047616,1459
stepwiseBFGS,9.952313159744713e-05,2.6390710513268878e-06,17.31483114405566,0.6796835815226772,1000,50,50,0.5101251250612189,0.047619047619047616,1242
stepwiseBFGS,0.00048299135482185424,1.2330299229412672e-05,405.26261984490264,10.978971995889925,1000,50,50,0.37510259362146464,0.047619047619047616,1189
stepwiseBFGS,2.2637878480145846e-05,3.154608360627301e-06,10.267218483741576,1.1768259923004805,1000,50,50,0.49649252767683144,0.047619047619047616,1296
stepwiseBFGS,0.00013067303272573346,1.6379038668462315e-06,27.04742002998714,0.4617865087651832,1000,50,50,0.5790015821670464,0.047619047619047616,1254
stepwiseBFGS,0.00014022545356762888,6.609265645530906e-06,69.10668973858053,4.742012235324981,1000,50,50,0.5753254430253607,0.047619047619047616,1459
BFGS,0.00020426388787277716,4.405502649895721e-06,16.495312130580814,0.9046151509552267,1000,50,50,0.578926104233898,0.07142857142857142,943
BFGS,7.888523378606915e-05,3.2975937366847733e-06,13.954347676595367,0.6028219940930497,1000,50,50,0.6557063303128904,0.07142857142857142,836
BFGS,5.081239833928151e-05,8.463511900588376e-07,8.679462554310119,0.19099211432261,1000,50,50,0.6824001768020049,0.07142857142857142,900
BFGS,0.00015923966713761857,1.0397229811471223e-05,16.772767936846673,0.9747506039083198,1000,50,50,0.5913359477305182,0.07142857142857142,830
BFGS,0.00014824846169103162,3.2001349724526564e-06,28.26704330243135,1.1145200526966814,1000,50,50,0.6807280464311902,0.07142857142857142,908
stepwiseBFGS,0.0002042041183305221,4.405368692241557e-06,16.49856821879839,0.9045951381762626,1000,50,50,0.578926104233898,0.07142857142857142,943
stepwiseBFGS,7.88726585067681e-05,3.298468203010285e-06,13.951693640612998,0.6031414826783037,1000,50,50,0.6557063303128904,0.07142857142857142,836
stepwiseBFGS,5.087483650864591e-05,8.484975125582997e-07,8.694406393394132,0.1934433090316755,1000,50,50,0.6824001768020049,0.07142857142857142,900
stepwiseBFGS,0.00015919265815661,1.0411460176824734e-05,16.76721421908386,0.975802930705492,1000,50,50,0.5913359477305182,0.07142857142857142,830
stepwiseBFGS,0.00014824658686414532,3.205380795041934e-06,28.266841798384892,1.1157733352440693,1000,50,50,0.6807280464311902,0.07142857142857142,908
BFGS,0.00013337444622459746,3.581872611329219e-06,5.105024791503697,0.0967296703072924,1000,50,50,0.7328177564433017,0.14285714285714285,535
BFGS,0.00025841744837121097,1.3105247789376251e-05,12.148228168342012,1.10770579697987,1000,50,50,0.5700061086434389,0.14285714285714285,536
BFGS,8.302325598657964e-05,7.311393106773787e-06,3.0825742284367013,0.6252517100416969,1000,50,50,0.9094931672508453,0.14285714285714285,504
BFGS,0.0003896085657737161,1.0225439083935612e-05,21.149429921576527,0.7339643562817906,1000,50,50,0.4457169547849398,0.14285714285714285,564
BFGS,0.00010912270424570665,5.842608765385674e-06,8.666557537127064,0.4258688642910901,1000,50,50,0.7637564021518317,0.14285714285714285,595
stepwiseBFGS,0.00013342542254965299,3.581369502967696e-06,5.10976654483114,0.0979235329073561,1000,50,50,0.7328177564433017,0.14285714285714285,535
stepwiseBFGS,0.00025895762297219107,1.2988794232601207e-05,12.186465079966585,1.0966627778025786,1000,50,50,0.5700061086434389,0.14285714285714285,536
stepwiseBFGS,8.297168860446391e-05,7.236524320974081e-06,3.077331340073058,0.6190248622060054,1000,50,50,0.9094931672508453,0.14285714285714285,504
stepwiseBFGS,0.00039029872043494436,1.0239942875111473e-05,21.18132325832779,0.7354865994765901,1000,50,50,0.4457169547849398,0.14285714285714285,564
stepwiseBFGS,0.00010909197280714,5.853800633324907e-06,8.6686437032675,0.4266133372464756,1000,50,50,0.7637564021518317,0.14285714285714285,595
BFGS,0.00034404669513224775,1.141312245064653e-05,2.201923391376223,0.1113887345066419,1000,50,50,0.5756205269610658,0.3333333333333333,331
BFGS,0.0005270291363878133,3.906645913320152e-06,8.155229005800663,0.05418658476180694,1000,50,50,0.8055684807245423,0.3333333333333333,339
BFGS,0.00020509344204888073,8.204997476723941e-06,2.0984903635065684,0.10912316577882122,1000,50,50,1.021528357980282,0.3333333333333333,334
BFGS,0.0004023221933616872,3.769232478494444e-06,2.6618072256408714,0.07976675082366957,1000,50,50,1.0137683354566824,0.3333333333333333,355
BFGS,0.00013308778096639956,6.517648320870208e-06,1.5328463139693171,0.11214099279066493,1000,50,50,0.8838439714778946,0.3333333333333333,341
stepwiseBFGS,0.00033661119709982594,1.1354051934619274e-05,2.175532395492658,0.1108952546298846,1000,50,50,0.5756205269610658,0.3333333333333333,331
stepwiseBFGS,0.0005259304857913876,4.171318435873287e-06,8.126493952012904,0.05359731015721143,1000,50,50,0.8055684807245423,0.3333333333333333,339
stepwiseBFGS,0.0002051342385300729,8.263338197071077e-06,2.1008491053710605,0.11011531109459013,1000,50,50,1.021528357980282,0.3333333333333333,334
stepwiseBFGS,0.00040300567062737287,3.768699438086008e-06,2.664467036390997,0.08027133892040832,1000,50,50,1.0137683354566824,0.3333333333333333,355
stepwiseBFGS,0.0001337233024501919,6.304762690292324e-06,1.5343447762144613,0.1133780710142035,1000,50,50,0.8838439714778946,0.3333333333333333,341
BFGS,0.0005431479674893883,5.405623521615104e-06,1.2292990217174358,0.07193926189384614,1000,50,50,0.5213119083771449,1.0,257
BFGS,0.0002230553299745934,6.993305169430325e-06,0.8791571452674656,0.07107167225131485,1000,50,50,0.7822256263935577,1.0,256
BFGS,0.00028022983031391767,1.6545485604981856e-05,0.612915647115564,0.06173876833071188,1000,50,50,1.1266513769802997,1.0,242
BFGS,0.0002860236449302734,1.1576622561660724e-05,0.8099327658179112,0.04957880858915622,1000,50,50,0.39858450955287406,1.0,247
BFGS,0.000165431951749827,1.356461517810599e-05,0.6215923827338691,0.050517280505721365,1000,50,50,1.1216026919546498,1.0,256
stepwiseBFGS,0.0005427020275361852,5.1953982932113e-06,1.228120914257549,0.07060752617769954,1000,50,50,0.5213119083771449,1.0,257
stepwiseBFGS,0.00022323138230392127,6.329350083871575e-06,0.8799393211901471,0.06770519607488541,1000,50,50,0.7822256263935577,1.0,256
stepwiseBFGS,0.00028074959461817946,1.6597121251934122e-05,0.616515409047096,0.06215597936669092,1000,50,50,1.1266513769802997,1.0,242
stepwiseBFGS,0.0002858972812529399,1.165727258961332e-05,0.810739307400237,0.04996668313652655,1000,50,50,0.39858450955287406,1.0,247
stepwiseBFGS,0.00016537393376150092,1.321489283446403e-05,0.6206160329253027,0.05058285656616094,1000,50,50,1.1216026919546498,1.0,256
